"","category","subcategory","ID","Description","GeneRatio","BgRatio","pvalue","p.adjust","qvalue","geneID","Count"
"hsa04640","Organismal Systems","Immune system","hsa04640","Hematopoietic cell lineage","72/3810","99/8645",5.96087966147211e-09,2.01477732557757e-06,1.22982359331425e-06,"909/1435/913/911/1438/910/3563/3675/7037/931/2056/912/929/1436/1379/2208/966/951/1380/3815/3674/2323/3590/3115/4254/3112/3111/3119/3127/930/3553/3108/916/3690/3568/924/945/3123/947/960/926/915/4311/3575/3113/3122/3570/3589/3684/7850/921/1378/2811/920/3655/290/1437/3552/1440/100133941/3569/948/3566/933/3109/3117/925/7124/914/917/3672/2322",72
"hsa05171","Human Diseases","Infectious disease: viral","hsa05171","Coronavirus disease - COVID-19","143/3810","232/8645",3.77866684854217e-08,6.38594697403626e-06,3.89799317007508e-06,"6143/9349/2266/6125/5648/2244/6135/718/730/6191/6136/6122/6154/6230/6203/6160/5336/6194/6233/4736/4790/5293/6202/5582/6176/114548/6206/6147/6124/29110/6403/6146/6144/5601/715/2243/6139/3455/6164/5578/2353/9045/720/5610/6157/6152/6207/6134/23521/6161/7187/834/103/4940/1839/7450/6141/5579/6181/716/6223/6137/1147/3725/6138/733/5295/6218/6165/3553/6158/729/5335/25873/6205/51121/6142/6222/1432/5594/4792/6228/9641/7098/6128/6188/3570/3654/6159/4938/6772/7297/10747/6130/732/4939/6201/6235/6175/6168/51065/6209/6210/7132/6167/1437/6189/6171/6204/1440/10379/3569/6187/6169/712/629/11224/5290/7311/1536/4599/6208/1956/6774/6229/1675/3921/7124/4312/2197/727/6232/6155/5600/5602/59272/2212/6868/51311/1636/6217/713/2162",143
"hsa04659","Organismal Systems","Immune system","hsa04659","Th17 cell differentiation","73/3810","108/8645",6.00452668659837e-07,5.21813141713423e-05,3.18515651746593e-05,"5914/4772/3320/3326/4790/9466/5601/7048/10148/2353/3717/5533/7046/3460/6778/3115/3112/4794/3111/919/3119/1147/3725/7535/3560/3127/27040/3718/3553/3108/916/3594/5335/51561/3932/3123/1432/5594/4792/196/915/3113/6776/3122/3570/6772/7297/3561/7040/920/6095/3091/30009/3459/5534/4773/3569/3566/3109/4089/3117/246778/4775/5532/6774/149233/861/5588/917/3458/5600/5602/6256",73
"hsa04010","Environmental Information Processing","Signal transduction","hsa04010","MAPK signaling pathway","174/3810","301/8645",7.69277612495176e-07,5.21813141713423e-05,3.18515651746593e-05,"2064/55799/782/4763/51701/4772/2264/57551/5321/4915/6722/2255/1435/5971/8913/4908/9064/2872/836/1845/773/3310/10235/2254/6788/4804/4790/22808/2885/5582/4909/27092/3479/8681/5601/4902/4791/5155/3312/7048/5881/5578/929/2353/786/1436/1647/5533/55970/3815/7046/51378/2247/3481/2323/84867/5536/2252/775/59285/6196/355/80310/4208/4254/8491/8912/115727/5880/1849/1969/7042/2263/5579/2318/1326/11184/5154/3164/1147/8822/4803/3725/7157/1942/1844/1846/8817/10912/3082/8550/783/5609/3553/26281/2324/11221/4215/6195/1432/5594/27330/284/5607/4296/1399/627/994/6416/23162/3654/3303/5778/7040/5062/408/9020/3305/7132/778/1843/776/3845/3552/56034/5534/4149/7423/2316/283748/93589/5058/4775/5532/8986/7010/6789/1956/10746/2261/784/2246/8605/7124/25780/4214/777/998/7039/409/5979/5801/3265/774/5605/5494/781/23542/5600/5921/5602/3643/2322/4893/1945/4616/5879/5604/6237/6197/1616/3727/5566/3315",174
"hsa05120","Human Diseases","Infectious disease: bacterial","hsa05120","Epithelial cell signaling in Helicobacter pylori infection","51/3810","70/8645",9.1495006695115e-07,5.21813141713423e-05,3.18515651746593e-05,"28964/528/535/51606/836/5781/2920/10392/5336/4790/529/2919/5601/58494/2921/5803/3579/1839/537/1147/3725/50617/5335/1432/4792/245972/1445/6416/102/9020/83700/50848/6714/4067/523/9550/533/5058/1956/9114/525/3577/998/23545/6352/5600/534/5602/6868/526/5879",51
"hsa04390","Environmental Information Processing","Signal transduction","hsa04390","Hippo signaling pathway","99/3810","157/8645",1.06510327362391e-06,5.21813141713423e-05,3.18515651746593e-05,"8200/7481/7534/1742/653/3993/7529/999/11211/83439/11186/650/6934/1453/6788/1495/330/7532/51176/1741/60485/8324/7484/6932/8321/7048/79981/2932/23291/80326/7046/126374/71/656/8326/7042/324/10413/2736/7531/5515/1855/51384/10971/353500/5522/5501/5584/894/896/25937/5521/8945/5590/5520/84552/5516/8323/5054/7473/122786/7040/1499/286204/595/81029/3689/1740/7474/84612/8325/3398/7004/3397/23513/1496/85407/332/8463/4089/1856/4086/7855/1454/8312/6657/2246/1739/2535/3996/27113/89780/7479/7005/56288/5499/4092/7533/7477",99
"hsa04310","Environmental Information Processing","Signal transduction","hsa04310","Wnt signaling pathway","108/3810","174/8645",1.08067810414023e-06,5.21813141713423e-05,3.18515651746593e-05,"51701/7481/4772/164284/6425/4163/6422/84870/11211/83439/54894/147495/6934/7091/4316/29964/64321/5582/51176/59352/5601/8324/7484/6932/8321/5881/5578/1457/84445/2932/23291/284654/5533/80326/8549/27101/5880/8326/57680/324/5579/7089/4919/3725/7157/11197/1855/51384/23002/8061/4040/5330/79718/57216/4920/894/23236/2487/818/896/6424/27123/8945/1501/387/8607/23500/8323/816/7473/1499/595/81029/6259/7474/8325/81839/4041/5534/4773/85407/343637/4089/1856/166336/4775/5532/6477/7855/1454/8312/27130/5332/5663/6500/2535/89780/55366/7479/5602/1452/64840/1459/5879/815/7477/84133/5566",108
"hsa04014","Environmental Information Processing","Signal transduction","hsa04014","Ras signaling pathway","139/3810","236/8645",2.48137183157872e-06,0.000104837959884201,6.39932735512406e-05,"4763/5878/2785/2264/5321/4915/2788/2255/1435/5338/53358/4908/11186/5063/810/5781/10235/57148/2254/5336/4804/3363/4790/22808/5293/2885/5582/4909/29110/3479/8681/5601/55770/4303/5155/64926/5898/5881/5578/1436/55970/3815/23179/91860/51378/2247/3481/2323/2252/22821/8831/2791/80310/4254/2114/115727/5880/1969/2263/5579/54331/8399/598/5154/1147/8822/4803/10298/1942/8817/5295/7535/83593/5319/27040/3082/5320/2113/26281/2324/51196/2784/5335/2549/5594/5868/10156/2903/26279/284/399694/51365/81579/387/627/5322/801/8398/5062/163688/5869/2793/572/3845/56034/7423/2790/283748/5290/5058/9610/8315/7010/6789/1956/2783/2261/2246/8605/25780/10681/25759/998/7039/3265/5605/253959/59345/5921/5602/3643/57186/2322/4893/1945/5879/5604/6237/5566",139
"hsa04658","Organismal Systems","Immune system","hsa04658","Th1 and Th2 cell differentiation","62/3810","92/8645",4.89951851464179e-06,0.000184004139772103,0.000112316447821028,"4772/4790/28514/5601/2353/3717/5533/3460/6778/3115/864/3112/4794/84441/3111/919/3119/1147/3725/10683/7535/3560/3127/27040/3718/3108/916/3594/5335/3595/3932/3123/1432/5594/4792/4094/915/3113/6776/3122/6772/7297/3561/920/30009/3459/5534/4773/6775/4854/3566/3714/3109/3117/4775/5532/5588/917/182/3458/5600/5602",62
"hsa05134","Human Diseases","Infectious disease: bacterial","hsa05134","Legionellosis","41/3810","56/8645",8.85595031861097e-06,0.000299331120769051,0.000182712238152395,"1915/718/23786/836/1195/3310/2920/4790/2919/4791/7415/3606/3312/842/929/2921/1379/834/57396/51128/1937/3329/3553/4792/317/3297/9554/3684/3303/1378/3689/3305/664/3569/56681/7100/5861/7124/29108/54205/375",41
"hsa04137","Cellular Processes","Transport and catabolism","hsa04137","Mitophagy - animal","67/3810","103/8645",1.30186655378244e-05,0.000400028086525876,0.000244177841666371,"10241/55288/5878/8678/4077/64750/23786/8878/440738/6233/7942/22808/11337/29110/65018/5601/7415/54543/1965/1457/7879/11331/55669/8408/10370/1869/598/3725/7157/7316/51024/4976/79735/22879/84749/5868/10133/192111/4580/23710/5869/6714/3091/643246/3845/10075/664/64786/79671/23770/7311/665/6477/81631/84557/8887/11345/3265/10452/387990/10651/5602/4893/1459/89941/6237/84315",67
"hsa05166","Human Diseases","Infectious disease: viral","hsa05166","Human T-cell leukemia virus 1 infection","129/3810","222/8645",1.44801821380248e-05,0.000407858463554365,0.000248957517460777,"996/4772/6722/9134/7416/5971/4085/4316/196883/1959/4790/5293/2648/3383/1958/821/8900/10393/5601/4791/51529/51434/7048/9700/2353/64784/8697/5533/7046/83660/1029/23373/115650/958/890/3600/3115/2114/3112/7042/1869/7538/598/3111/7514/701/109/3119/1147/3135/3725/7157/3601/5295/3560/291/3127/8061/3718/148327/2113/3108/5901/916/4215/3932/3123/894/5594/4792/9586/896/915/2224/3113/6776/6416/3122/3561/7040/7850/293/595/920/3689/9020/6688/7132/1017/3845/1437/7094/5534/4773/3569/3109/4089/5290/3107/3117/4775/5532/10488/64764/8498/7124/84699/9232/4214/7419/1739/6513/917/1031/3265/3133/5605/4487/5602/4893/64682/292/5604/114/3134/4049/9133/5566/119504",129
"hsa04064","Environmental Information Processing","Signal transduction","hsa04064","NF-kappa B signaling pathway","67/3810","104/8645",2.09418817896479e-05,0.000544488926530845,0.000332356990345829,"5971/5743/6363/2920/5336/4790/330/3383/4050/2919/3929/7185/4791/929/1457/2921/1647/10913/7128/128178/115650/958/7187/5579/84433/598/1147/10912/6366/7535/27040/3553/29775/5335/959/79092/3932/4792/148022/597/3654/6387/353376/1896/9020/8740/7132/8837/8792/4067/8915/10892/695/142/7706/7412/8600/7124/5588/29760/6357/1459/4616/257397/596/23085/4049",67
"hsa04062","Organismal Systems","Immune system","hsa04062","Chemokine signaling pathway","112/3810","192/8645",4.1534325076053e-05,0.000972691691168069,0.000593732704668145,"2785/6374/1524/10563/2185/2788/5580/53358/1235/2869/58191/6363/10235/5747/2920/5336/196883/4790/6358/5293/2885/2919/643/5881/6364/2932/2921/3717/6376/7454/55970/2771/2268/3579/2791/5880/5579/54331/109/1147/6361/6368/6366/5295/3718/1236/5330/1237/5829/9844/2784/5335/5594/4792/6359/23236/3055/399694/1399/5590/3702/653361/131890/387/10850/6846/6360/7409/6772/6387/408/146850/6714/2793/572/4067/3845/2931/6370/7410/2790/10803/5290/5058/23533/2783/6774/1794/2773/3577/7852/5332/6372/10681/25759/6357/998/409/2833/6354/3265/6352/10663/1232/59345/56288/4893/5879/5604/114/6367/5566",112
"hsa04933","Human Diseases","Endocrine and metabolic disease","hsa04933","AGE-RAGE signaling pathway in diabetic complications","64/3810","100/8645",4.31667910281687e-05,0.000972691691168069,0.000593732704668145,"4772/2152/5580/1288/836/5336/4790/5293/3383/1958/5601/5292/7048/5578/3717/7046/7042/5579/3725/5295/3553/5330/51196/5335/177/5581/1285/1432/5594/23236/2308/5590/6776/5054/6772/7056/7040/595/1287/3845/3552/3569/2335/7423/27035/5333/4089/5290/1536/7412/6774/113026/7124/5332/998/3265/1729/84812/5600/5602/6401/4893/5879/596",64
"hsa04060","Environmental Information Processing","Signaling molecules and interaction","hsa04060","Cytokine-cytokine receptor interaction","164/3810","297/8645",5.62652835142107e-05,0.00107446799070011,0.000655857135400874,"8200/27190/6374/85480/8742/8764/1524/10563/4982/653/1435/8741/3626/1235/1438/58191/284340/650/6363/3976/2920/1439/2662/146433/8809/4804/6358/3953/90865/4050/3563/9466/7133/2919/84818/53342/2056/3606/643/23495/7048/3455/285613/10148/6364/130399/2921/1436/10913/29949/6376/7046/8718/8795/3952/115650/3977/3460/656/958/3579/4352/355/8793/3590/3600/9235/7042/3597/4803/3601/6361/53833/6368/6366/3603/3560/353500/338376/1236/3553/1237/3594/3595/9173/3568/64806/959/51561/8807/6359/939/5618/3587/2660/9573/3575/10850/3570/3589/6846/6360/8794/3561/7040/7850/6387/1896/920/94/50604/8740/8743/7132/91/970/8792/1437/3459/3552/1440/8808/27242/1270/3569/3557/6370/3566/10803/246778/3624/269/1489/55504/9518/3577/149233/7852/8600/8995/7124/58985/2661/6372/11009/6357/2833/8744/8771/6354/3598/3458/6352/943/10663/7293/1232/23529/10220/3623/9180/6367/4049/8784",164
"hsa04510","Cellular Processes","Cellular community - eukaryotes","hsa04510","Focal adhesion","117/3810","203/8645",5.87694032040269e-05,0.00107446799070011,0.000655857135400874,"2064/3679/3694/1299/1288/1297/53358/857/5063/3914/7148/5649/5747/5293/330/2885/5582/858/3675/340156/4638/8515/3479/5601/284217/3918/7448/1298/5155/22798/5881/5578/2932/4636/3674/83660/4660/71/2534/64098/80310/3913/5880/3680/7450/5579/2318/7059/5154/3725/10298/3381/5295/131873/10319/3082/54776/10398/5501/2324/5829/3690/1285/894/5594/7791/896/3696/63923/87/399694/1399/1101/387/3908/3371/7409/1499/91807/595/5062/23396/1793/3691/1292/6714/572/3655/1287/7060/7094/56034/2013/2335/7423/7410/2316/5290/3611/5058/1956/3695/25759/998/55742/3672/3265/1729/2012/2889/5602/5499/7143/5879/5604/596/22801",117
"hsa04148",NA,NA,"hsa04148","Efferocytosis","93/3810","156/8645",5.9184766646066e-05,0.00107446799070011,0.000655857135400874,"5878/4772/1524/389668/4240/1374/2621/65082/240/5743/5087/836/84465/5781/488/5627/5747/64805/8578/121601/8754/23355/1901/9023/2056/55113/10062/29933/27072/3717/7879/6376/286046/834/23166/1849/1844/1846/5734/9844/3690/140885/177/1432/5594/5868/818/8877/1399/5175/89790/55576/6446/24145/816/7040/5468/8398/102/1793/5869/246/203859/84466/3091/1375/4773/100133941/948/26762/712/114786/51761/4775/5029/55423/63982/1788/4035/1051/56848/6513/5605/5600/489/6868/5777/6256/5879/5604/815/23659/713",93
"hsa04514","Environmental Information Processing","Signaling molecules and interaction","hsa04514","Cell adhesion molecules","94/3810","158/8645",6.03990882346213e-05,0.00107446799070011,0.000655857135400874,"22854/57863/1002/999/4359/8174/83692/5010/7122/149461/100506658/94030/3383/6403/9071/58494/9672/5797/22871/958/4684/644672/3115/3112/24146/26047/3680/3384/3111/57555/84631/3119/3135/9378/6382/22829/3127/3108/79679/6402/959/3123/947/1003/926/6693/3385/3696/5175/9075/3113/9076/3122/114798/3684/23705/6900/923/57689/920/3689/83700/50848/90952/3655/152404/9074/5788/6404/933/214/3897/3109/3107/3117/22865/9369/6385/5133/7412/3695/925/23114/940/914/9019/3133/29126/4897/9379/201633/6401/3134/80380",94
"hsa05235","Human Diseases","Cancer: overview","hsa05235","PD-L1 expression and PD-1 checkpoint pathway in cancer","57/3810","89/8645",0.000108517449788659,0.00183394490142834,0.0011194431662409,"6198/4772/5781/4790/5293/2353/1457/3717/5533/3460/4794/55509/919/1147/3725/5295/7535/27040/916/54106/5335/4215/3932/1432/5594/4792/148022/915/238/6772/353376/920/3091/3845/3459/5534/4773/5290/4775/5532/5133/1956/6774/940/5588/917/10538/3265/3458/5605/29126/5600/6199/4893/1459/5777/5604",57
"hsa05323","Human Diseases","Immune disease","hsa05323","Rheumatoid arthritis","59/3810","93/8645",0.000122487760276173,0.00197146966539746,0.00120338852201153,"6374/528/535/51606/1435/8741/2920/3383/4050/529/2919/3606/6364/2353/2921/3600/3115/3112/7042/3111/537/3119/3725/3127/50617/3553/3108/51561/3123/284/245972/3113/3122/3589/7040/6387/3689/8792/523/1437/3552/9550/3569/3109/3117/533/7010/9114/525/8600/940/7124/4312/6372/23545/3458/6352/534/526",59
"hsa04916","Organismal Systems","Endocrine system","hsa04916","Melanogenesis","63/3810","101/8645",0.000150329812947788,0.00230961258074329,0.00140979154726155,"7481/11211/83439/810/6934/196883/5443/5582/51176/8324/7484/6932/8321/5578/2932/80326/3815/91860/7306/2771/4254/8326/5579/109/1855/51384/148327/5330/1910/1638/5594/23236/818/8323/816/801/7473/1499/81029/7474/163688/8325/3845/1856/10488/64764/7855/2778/2773/84699/5332/2535/89780/3265/5605/7479/4893/4157/5604/114/815/7477/5566",63
"hsa04145","Cellular Processes","Transport and catabolism","hsa04145","Phagosome","89/3810","152/8645",0.000206900846220253,0.00273103184860198,0.0016670266033198,"5878/528/6441/535/51606/718/113457/821/7037/529/715/55176/929/7879/1783/30835/71/84790/9146/3115/3112/4842/22925/3111/7059/537/11151/3119/3135/79659/10376/112714/3127/50617/4689/347688/84617/3108/3690/1535/3123/5868/4360/245972/653361/9103/3113/79861/3122/203068/9554/3684/3920/2215/1778/3689/8685/83547/10381/5869/2204/4481/523/7278/7060/9550/948/1780/8411/3109/3107/3117/533/653509/1536/9114/525/64581/7277/347733/8417/23545/3133/534/2212/526/2213/5879/3134",89
"hsa04722","Organismal Systems","Nervous system","hsa04722","Neurotrophin signaling pathway","72/3810","119/8645",0.000208174517057481,0.00273103184860198,0.0016670266033198,"4915/4916/5580/53358/4908/810/5781/5336/4804/4790/5293/2885/4909/396/5601/11108/10818/11213/2932/91860/6196/4794/3656/4803/3725/7157/7531/5295/5609/4145/5335/4215/2549/6195/1432/5594/4792/27330/818/5607/399694/1399/25970/387/627/3654/816/801/5664/397/163688/814/572/3845/10019/5290/10603/5663/4214/25759/998/3265/5605/5600/2889/5602/4893/5879/5604/815/596/6197",72
"hsa04921","Organismal Systems","Endocrine system","hsa04921","Oxytocin signaling pathway","90/3810","154/8645",0.000209495903465577,0.00273103184860198,0.0016670266033198,"55799/782/4772/8536/6263/5321/3768/5743/5571/810/4881/196883/5582/340156/1938/27092/4638/8681/51422/2977/5578/2353/140465/786/6262/5533/91860/4660/71/2771/775/59285/4208/5579/109/3725/5997/4882/54776/783/10398/5501/5330/5594/23236/818/57172/5607/3759/387/816/801/91807/595/3761/163688/814/1827/778/146850/776/6714/3845/5534/4773/283748/93589/4775/5532/3760/2778/1956/23533/784/2773/8605/5332/4878/5021/5020/3265/5605/781/3763/5499/4893/5604/114/815/5566",90
"hsa04660","Organismal Systems","Immune system","hsa04660","T cell receptor signaling pathway","73/3810","121/8645",0.000213942231828549,0.00273103184860198,0.0016670266033198,"4772/5063/5781/4790/5293/2885/5601/2353/2932/5533/2534/4794/84433/1326/919/1147/3725/5515/10298/5295/7535/27040/5609/5522/916/5335/959/3932/1432/5594/4792/926/9402/915/5521/3702/8440/5520/5529/387/5516/7409/5062/920/9020/8915/3845/10892/1437/5534/4773/5788/7410/5290/5058/4775/5532/5133/925/940/7124/5588/1739/917/998/3265/3458/5605/5600/5602/4893/5777/5604",73
"hsa04144","Cellular Processes","Transport and catabolism","hsa04144","Endocytosis","138/3810","250/8645",0.00021815934885282,0.00273103184860198,0.0016670266033198,"147179/11267/1213/84313/55040/28964/5878/2264/163/10565/84440/5338/64750/857/2869/11059/3310/55737/6642/254122/57403/858/30011/7037/644150/10617/377/9230/3312/93661/7048/57180/4193/7879/116985/23550/51510/25978/7046/8218/9744/3579/9146/5371/8723/51699/22905/138429/2263/55048/83737/2350/3135/10015/274/273/80230/414189/8027/3560/55616/23362/30846/8853/27128/5584/119016/3949/58533/10094/50807/5868/116988/5590/131890/84552/387/84364/3799/10097/26056/3561/3303/92421/11021/408/23396/64411/23624/3305/84612/867/5869/6714/10890/10938/1212/9559/440073/10564/10254/7251/3482/8411/3107/3800/51160/51534/5867/2348/64744/1956/6643/160/2261/27131/23096/8766/3577/7852/381/7456/375/998/832/409/1601/5662/155382/3265/3133/23527/4734/10096/1173/56288/9765/3134",138
"hsa05217","Human Diseases","Cancer: specific types","hsa05217","Basal cell carcinoma","42/3810","63/8645",0.000237852795973058,0.00287122303710335,0.00175259954927517,"7481/11211/83439/650/6934/2735/8643/51176/8324/7484/6932/8321/2932/1647/80326/8326/324/2736/7157/1855/10912/51384/1643/6469/8323/7473/1499/81029/7474/8325/2737/1856/374654/6608/7855/8312/5727/2535/89780/7479/4616/7477",42
"hsa04814","Cellular Processes","Cell motility","hsa04814","Motor proteins","109/3810","193/8645",0.00030987058748785,0.00361159512313425,0.00220452396180104,"80179/7283/51174/140469/72/399687/140735/4642/9371/57576/1770/113457/4629/22989/7136/1062/55605/7134/25981/7140/23026/283446/93661/10749/140465/56171/4636/1783/3801/84516/71/1768/24137/84790/55860/7168/23303/201625/7169/146909/9585/285643/7135/89953/53904/4621/9928/79659/10376/112714/11127/8701/81930/10112/64446/90990/4542/4647/10398/22920/347688/64005/70/84617/4619/59/9493/3832/10120/84700/4430/58/4648/3834/79861/203068/3799/1778/4641/10381/3835/1639/51175/4625/7278/124602/83658/4650/1780/56992/10121/127602/374654/3800/1767/55614/80022/7170/196385/7277/347733/3833/57644/832/63971/27019/4634/3796/84376",109
"hsa05412","Human Diseases","Cardiovascular disease","hsa05412","Arrhythmogenic right ventricular cardiomyopathy","53/3810","84/8645",0.000326515965527699,0.00367874654494541,0.00224551330678698,"55799/782/3728/3679/1756/1674/3694/83439/488/6442/6934/1495/3675/51176/1837/27092/8515/284217/6932/786/6262/3674/71/775/59285/6547/4842/3680/8082/783/3690/4000/3696/3908/1499/1605/3691/778/776/3655/89/1496/6543/2697/93589/88/3695/784/3672/781/2010/489/22801",53
"hsa04370","Environmental Information Processing","Signal transduction","hsa04370","VEGF signaling pathway","39/3810","59/8645",0.000512858525166438,0.00559181230665342,0.00341325198412978,"5321/5743/5747/5336/5293/5582/8681/5881/842/5578/5533/5880/5579/5295/5829/5335/1432/5594/8877/6714/572/9047/3845/5534/4773/283748/5290/5532/8605/56848/25759/998/3265/5605/5600/4893/5879/5604/3315",39
"hsa05410","Human Diseases","Cardiovascular disease","hsa05410","Hypertrophic cardiomyopathy","59/3810","97/8645",0.000624157550278559,0.00622723117003174,0.00380111276650957,"55799/782/3679/1756/1674/3694/5571/488/6442/7134/3675/1837/27092/8515/3479/51422/284217/786/6262/3674/71/775/59285/7168/6547/7169/4842/7042/3680/8082/783/70/3690/4607/4000/3696/3908/7040/1605/3691/778/776/4625/3655/7273/3569/6543/93589/3695/7170/784/7124/3672/781/2010/489/4634/1636/22801",59
"hsa05165","Human Diseases","Infectious disease: viral","hsa05165","Human papillomavirus infection","175/3810","331/8645",0.000643034759709839,0.00622723117003174,0.00380111276650957,"6198/7283/7481/3679/528/535/3694/1299/3993/9134/51606/1288/1297/5743/11211/836/83439/8772/3914/7148/5649/6934/5747/4242/4790/5293/2885/3675/8900/529/29110/8515/1741/8324/7484/284217/6932/3918/8321/7448/1298/22798/5933/3455/4193/2932/80326/5610/3674/4855/7187/355/890/3913/8326/324/3680/7450/1869/84441/1021/7059/537/1147/3135/7157/5515/3381/1855/5295/131873/5734/51384/50617/10319/148327/5522/5829/3955/5584/3690/1285/894/5594/9641/2308/148022/9586/896/7098/3696/63923/3659/5521/245972/5590/5520/5529/1101/5934/84552/3908/3371/5516/8323/6772/7473/7297/1499/595/81029/1740/7474/84612/8325/3691/1292/7132/23513/572/1017/3655/523/1287/3845/7060/10474/9550/10134/10379/4854/55502/2335/1856/5290/3107/533/10488/64764/4599/7855/8312/2778/1956/9114/3695/525/7124/84699/5663/1739/182/998/2535/23545/3996/3672/89780/3265/3133/5605/7479/534/6199/56288/1452/4893/7143/526/5604/7477/3134/22801/5566/84667",175
"hsa05167","Human Diseases","Infectious disease: viral","hsa05167","Kaposi sarcoma-associated herpesvirus infection","108/3810","194/8645",0.000676360461529508,0.00622723117003174,0.00380111276650957,"2785/4772/8678/2788/718/5743/836/83439/810/8772/440738/6934/2920/5336/6233/4790/5293/3383/51176/29110/2919/5601/6932/5155/3455/842/2353/2932/2921/3717/5533/55970/5610/91860/2247/7187/355/2791/54331/1869/7538/1021/1147/3135/3725/7157/5295/7316/5609/1237/2784/5335/1432/5594/4792/9641/148022/3055/131450/7098/6416/801/6772/7297/1499/595/163688/1827/7132/146850/6714/2793/3091/4067/643246/3845/1437/3459/5534/10379/4773/3569/9976/4277/2790/5290/3107/7311/4775/5532/23533/2783/6774/81631/84557/54205/10681/3265/3133/5605/1232/5600/59345/5602/4893/5879/5604/3134",108
"hsa04020","Environmental Information Processing","Signal transduction","hsa04020","Calcium signaling pathway","137/3810","253/8645",0.000686866168475942,0.00622723117003174,0.00380111276650957,"2064/4772/2264/5737/5137/6869/8536/6263/2185/4915/4916/2255/7416/623/8913/773/810/488/153/887/2254/3356/5336/196883/3363/7942/444/7134/5582/5255/340156/4638/3707/5155/5578/6262/5136/100130933/886/5533/154/91860/1131/2247/490/2252/775/6547/80310/8912/80228/4842/2263/5579/148/6865/5154/491/5026/109/8822/4803/845/8817/2911/116444/291/3082/2769/155/4485/26281/2324/5330/51196/5335/5257/1910/23236/818/2903/57172/8877/147/5260/3270/816/801/293/91807/57105/5731/146/3973/163688/814/778/776/5153/56034/84876/624/5534/4773/7423/5333/6543/55283/4775/5532/2778/1956/2261/57192/2246/7852/113026/844/5332/56848/5021/777/3357/7419/7039/5979/3362/5023/3358/774/84812/489/292/5261/114/815/5566",137
"hsa04360","Organismal Systems","Development and regeneration","hsa04360","Axon guidance","102/3810","182/8645",0.000688994628976489,0.00622723117003174,0.00380111276650957,"22854/80031/85464/91653/1808/2051/2242/2047/2043/56963/56920/57556/5063/5781/5747/5336/5293/54437/84448/6585/64221/5881/5578/2932/59277/4636/5533/5364/1947/2771/2534/2045/57522/5880/1969/2042/10298/1942/5295/10398/5335/64218/6469/5594/818/54910/2049/5590/8440/84552/387/55740/10507/816/1072/6586/6387/5062/81029/57689/137970/9353/6259/7474/84612/6714/3845/91584/5534/4773/9860/10500/3897/285220/1949/6608/5290/10371/3611/5058/4775/5532/5365/2773/7852/1073/3984/2046/5727/998/9901/3265/5361/1630/55558/5921/56288/4893/1945/5879/815/6237",102
"hsa05152","Human Diseases","Infectious disease: bacterial","hsa05152","Tuberculosis","101/3810","180/8645",0.000690367730483992,0.00622723117003174,0.00380111276650957,"5878/535/51606/820/718/836/3313/810/8772/4790/3929/5601/4261/3606/842/929/3717/7879/1379/30835/5533/91860/3460/3115/3112/7042/22925/3111/537/11151/4802/972/3119/3656/4046/3329/3127/50617/3553/3108/54106/51561/3123/1432/5594/5868/818/3587/8877/4360/317/245972/9103/387/3113/3122/3654/816/801/6772/1263/3684/7040/3920/2215/1378/3689/163688/5869/7132/6714/572/8915/10892/3459/3552/5534/3569/8411/3109/3117/533/26253/5532/9114/64581/1051/7124/8625/56848/54205/3687/23545/3458/5600/5602/2212/2213/7096/815/596",101
"hsa05022","Human Diseases","Neurodegenerative disease","hsa05022","Pathways of neurodegeneration - multiple diseases","244/3810","476/8645",0.000707375996377894,0.00622723117003174,0.00380111276650957,"5709/5691/5717/5718/125965/2890/79139/7481/2877/5705/8678/6263/1742/8851/1435/7416/7318/2891/5743/5707/10213/1770/11211/8878/836/113457/6647/9217/1346/810/9821/8772/488/440738/4747/6233/5713/4790/55062/5688/5582/25981/29110/5481/7133/7332/65018/5601/5687/8324/7484/1337/8321/2893/7415/1965/842/5578/1457/4715/2932/56171/55081/6262/5533/80326/55669/25978/5708/91860/1131/5693/6531/84516/6391/2892/775/1768/100506742/84790/55860/355/201625/4842/9627/8326/5706/30849/6392/8408/324/5579/598/89953/57679/1537/4287/2878/10376/1855/112714/5682/8701/2911/7316/291/51384/64446/11047/5704/6622/4705/5609/347688/4040/3553/84617/5330/5621/5335/2521/177/1432/5594/10120/5868/23236/53349/818/170712/7381/2903/4725/27123/10133/22926/317/6804/6311/5684/79861/627/55255/4702/203068/3799/8323/816/801/7473/4719/1499/293/5664/29796/81029/5695/6712/7474/3064/2882/163688/5630/8325/10381/9861/7132/778/1639/776/116442/5710/847/572/5714/643246/7278/3845/4041/3552/5534/4741/55967/3569/5685/1347/4706/5686/27035/10121/127602/1856/7311/3800/1767/4700/5532/1536/5683/3092/7855/1454/8312/4720/81631/84557/4716/5861/196385/7277/7326/347733/7124/5332/5663/7419/54205/1345/4711/2535/89780/3265/774/5605/10452/7479/5600/27019/5602/11273/1452/489/4893/1459/292/5879/5604/815/7477/4695/596/4731/1616/10010",244
"hsa04662","Organismal Systems","Immune system","hsa04662","B cell receptor signaling pathway","52/3810","84/8645",0.000718526673465201,0.00622723117003174,0.00380111276650957,"4772/5336/4790/5293/3635/2885/974/640/5881/2353/2932/5533/1380/5880/4794/5579/11024/84433/1147/3725/5295/55024/930/5594/4792/973/7409/4067/8915/3845/10892/695/5534/4773/971/7410/933/5290/4775/5532/25780/27071/29760/3265/10859/5605/4893/5777/2213/975/5879/5604",52
"hsa04024","Environmental Information Processing","Signal transduction","hsa04024","cAMP signaling pathway","123/3810","225/8645",0.000781761222582103,0.00660588233081877,0.00403224209542348,"84152/2890/5348/4772/1908/55811/51/6751/5338/2891/7434/1394/10411/810/4881/488/153/3355/4852/2735/196883/5443/4790/5293/117/116/478/54714/5601/482/2893/477/5881/3991/2353/51738/6262/154/91860/490/2771/2892/775/5880/1907/1813/486/491/9568/109/3725/5295/116444/148327/10398/5501/51196/480/7432/10257/5594/4792/818/2903/11149/9586/2740/387/627/5465/7409/816/801/610/1395/4886/6662/64411/8310/3973/163688/814/778/776/64091/572/84876/1080/7410/6752/2737/5290/481/5058/10488/64764/2778/2867/2773/1261/1260/84699/4878/5021/11069/5727/5020/3362/5605/64208/5602/5139/2550/489/5499/6750/5879/5604/114/815/6237/56670/5566",123
"hsa05205","Human Diseases","Cancer: overview","hsa05205","Proteoglycans in cancer","113/3810","205/8645",0.000841445910831169,0.006901667890991,0.0042127901172041,"2064/6198/7481/1655/11211/857/836/3316/5781/5747/5336/6194/117581/22808/5293/2885/5582/858/2017/3479/8324/7484/8321/60495/7448/5578/10818/4193/27250/3059/80326/2247/3481/4660/71/355/8326/1839/7042/5579/2318/7157/6382/7430/5295/2719/51384/9138/3082/54776/4478/5501/5829/51196/5335/3690/2549/1432/6469/5594/960/818/387/7409/8323/816/7473/7040/1499/595/81029/7474/8325/867/6714/3549/3091/3845/7078/2335/7410/2316/287/6608/5290/5058/6385/7855/3339/1956/6774/7124/7023/5727/998/2535/89780/3265/5605/7479/5600/6199/5499/4893/5777/5879/5604/815/7477/6237/7291/1975/5566",113
"hsa04910","Organismal Systems","Endocrine system","hsa04910","Insulin signaling pathway","79/3810","137/8645",0.000872297557950722,0.006901667890991,0.0042127901172041,"6198/31/57521/5573/2319/8471/92579/1977/5770/2194/10580/53358/2872/5571/810/6194/5293/2885/5255/51422/5601/9322/8660/2998/3991/2932/91860/122809/10891/32/23265/6517/5295/9021/5501/5584/3099/5257/5106/5594/2308/5575/399694/1399/5590/5260/801/8835/9470/163688/5837/867/572/3845/8789/5290/10603/5105/5509/2645/5834/5577/8651/25759/5576/3265/5605/2889/6199/5602/3643/5499/3098/4893/5261/5604/5313/79660/5566",79
"hsa04371","Environmental Information Processing","Signal transduction","hsa04371","Apelin signaling pathway","80/3810","139/8645",0.000878022838202997,0.006901667890991,0.0042127901172041,"6198/2785/7350/10672/8678/55811/6263/2788/999/9759/5571/810/440738/6194/196883/22808/1958/340156/4638/51422/5346/3991/6262/55970/91860/7046/2771/4899/6547/2791/4208/10891/8862/4842/30849/54331/109/5330/2784/59/5581/5594/23236/8877/5054/801/91807/595/163688/814/146850/2793/643246/3845/4854/2790/4089/6543/4209/100271849/10365/23533/2783/81631/2773/84557/5332/56848/10681/182/3265/5605/59345/6199/4634/4893/5604/114/6237/5566",80
"hsa04061","Environmental Information Processing","Signaling molecules and interaction","hsa04061","Viral protein interaction with cytokine and cytokine receptor","60/3810","100/8645",0.000923357317605416,0.00709033402480087,0.00432795225431632,"6374/8764/1524/10563/1435/1235/6363/2920/146433/8809/6358/7133/2919/3606/643/6364/2921/1436/29949/6376/8795/3579/8793/6361/53833/6368/6366/3560/1236/1237/8807/6359/3587/10850/3570/6846/6360/8794/3561/6387/50604/8740/8743/7132/3569/6370/10803/3577/7852/7124/58985/6372/11009/6357/2833/6354/6352/1232/6367/4049",60
"hsa01521","Human Diseases","Drug resistance: antineoplastic","hsa01521","EGFR tyrosine kinase inhibitor resistance","49/3810","79/8645",0.00095176809324546,0.00709033402480087,0.00432795225431632,"2064/6198/4763/2621/1977/53358/5336/6194/5293/2885/5582/3479/9542/5155/5578/2932/3717/2247/80310/2263/5579/598/5154/3084/5295/3082/5335/2549/5594/399694/3570/9470/6714/572/3845/56034/3569/5290/1956/2261/6774/25759/7039/3265/5605/6199/4893/5604/596",49
"hsa04625","Organismal Systems","Immune system","hsa04625","C-type lectin receptor signaling pathway","62/3810","104/8645",0.000964956701600119,0.00709033402480087,0.00432795225431632,"4772/5580/5971/5743/810/5781/5336/1959/4790/22808/5293/114548/5601/53342/4791/4193/30835/5533/91860/834/1960/1147/3725/6361/5295/4046/3553/51561/1432/5594/4792/9641/3659/387/801/6772/1263/9020/163688/6714/8915/3845/10892/5534/10379/4773/3569/5290/26253/5058/4775/5532/64581/7124/29108/3265/5600/5602/4893/602/6237/6367",62
"hsa04151","Environmental Information Processing","Signal transduction","hsa04151","PI3K-Akt signaling pathway","187/3810","359/8645",0.00110640235310927,0.00780713020576217,0.00476548589327121,"2064/6198/672/2785/57521/2264/3679/7534/4915/2788/3694/1299/2255/9134/1435/92579/1977/7529/1288/1297/4908/3320/3914/7148/5649/5747/9623/2254/3326/6194/4804/4790/5293/2885/7532/3563/3675/4909/8515/3479/4902/2056/284217/3918/7448/1298/5155/22798/2998/3455/842/5578/8115/4193/2932/3717/1436/55970/3815/3674/51378/2247/3481/2323/2252/2791/80310/4254/6794/3913/10161/1969/3680/7450/2263/54331/1021/598/7059/5154/3164/10110/1147/8822/4803/7157/7531/5515/3381/1942/8817/5295/3560/131873/23035/10971/10319/3718/3082/148327/930/5522/26281/2324/2784/3690/5106/1285/894/5594/5618/29941/284/9586/896/3696/63923/5521/3575/5520/5529/1101/5934/3908/6446/3371/627/5516/3570/3561/595/57121/9470/9863/3691/1292/146850/2793/572/1017/3655/1287/3845/11140/7060/56034/1440/3569/2335/7423/3566/2790/5290/10488/7010/5105/64764/1956/23533/3695/2783/2261/2246/84699/10681/7039/5979/3672/3265/5605/59345/9170/6199/3643/2322/4893/7143/9180/1945/7533/6256/5879/5604/596/22801/4170/1975",187
"hsa04512","Environmental Information Processing","Signaling molecules and interaction","hsa04512","ECM-receptor interaction","54/3810","89/8645",0.00113400042109311,0.00780713020576217,0.00476548589327121,"3679/3694/1299/1288/1297/158326/9899/3914/7148/5649/3675/8515/284217/3918/7448/1298/22798/3161/3674/3913/3680/7450/375790/7059/6382/3381/131873/10319/3690/1285/960/3696/63923/1101/3908/3371/2811/1605/3691/1292/3655/1287/7060/948/2335/80144/255743/6385/3339/3695/3672/7143/22801/9900",54
"hsa04727","Organismal Systems","Nervous system","hsa04727","GABAergic synapse","54/3810","89/8645",0.00113400042109311,0.00780713020576217,0.00476548589327121,"2571/4905/2785/2788/773/54407/196883/5582/11337/57468/5578/81539/55970/2570/2771/775/2791/5579/54331/9568/109/2567/5334/6539/2554/2784/2562/2568/2557/2565/23710/778/776/6714/2793/2569/2790/6529/10243/2783/2773/2556/2563/10681/18/11345/774/3763/59345/2550/6540/2564/114/5566",54
"hsa04530","Cellular Processes","Cellular community - eukaryotes","hsa04530","Tight junction","95/3810","170/8645",0.00117470397113984,0.00780713020576217,0.00476548589327121,"2064/909/9181/3993/913/911/113457/5571/910/4629/5010/11346/7122/149461/100506658/2017/51422/1741/5601/912/153562/84952/9071/57180/58494/140465/3059/7454/71/84790/644672/6794/3308/24146/3725/5515/10376/7430/112714/5111/5609/10398/5522/4478/51421/5584/10094/5581/8189/154810/11149/87/5521/5590/5520/9075/84552/387/9076/23370/79861/5516/10097/91862/595/93643/1740/84612/5872/83700/50848/776/6714/23513/7278/9074/51735/1080/58538/57530/51762/79778/7277/861/4214/1739/998/3996/4734/10096/123720/5602/56288/5879/5566",95
"hsa05225","Human Diseases","Cancer: specific types","hsa05225","Hepatocellular carcinoma","94/3810","168/8645",0.0011779989363724,0.00780713020576217,0.00476548589327121,"6605/6198/6603/7481/7296/1728/53358/11211/83439/6934/5336/2949/5293/2885/5582/51176/8324/7484/6932/8321/7048/5578/2932/1647/6595/80326/7046/1029/3481/71/8326/7042/324/5579/1869/1021/598/7157/1855/10912/5295/86/51384/29117/3082/1643/4040/5335/2941/2950/2549/55274/4257/6604/5594/399694/2953/2948/8323/6599/7473/7040/1499/595/81029/7474/8325/2947/572/3845/9817/4041/4089/1856/5290/7855/8312/1956/8110/57492/25759/7039/2535/89780/3265/5605/7479/6199/1452/4893/4616/5604/7477/4780",94
"hsa05417","Human Diseases","Cardiovascular disease","hsa05417","Lipid and atherosclerosis","117/3810","215/8645",0.00129364615641519,0.00833131817944566,0.00508545114659405,"4772/1548/3320/836/810/3310/5747/2920/3326/142678/4790/5293/1573/3383/114548/29110/2919/3929/6403/5601/3606/3312/1965/6648/842/5578/929/2353/2932/2921/3717/5533/91860/8795/1559/958/7187/355/834/1558/3308/1549/598/1147/3725/7157/5295/3329/4689/9138/5609/3553/5330/5335/3949/1535/959/177/1432/5594/4792/23236/9641/818/148022/22926/317/338/653361/387/6416/3654/7409/816/801/3303/5468/353376/3305/163688/8743/7132/6714/572/4067/3845/5534/4773/3569/948/27035/7410/5452/5290/4775/5532/1536/7412/6774/7124/29108/5332/4312/54205/998/3265/6352/5600/5602/6401/4893/6256/5879/815/596/10010/4780",117
"hsa05133","Human Diseases","Infectious disease: bacterial","hsa05133","Pertussis","47/3810","76/8645",0.00131446558772689,0.00833131817944566,0.00508545114659405,"6374/718/836/810/10392/722/4790/114548/5601/715/929/2353/720/91860/2771/834/716/3725/3394/3553/51561/1432/5594/148022/3659/710/387/3654/801/1072/3684/353376/3689/163688/3552/3569/712/653509/2773/1073/7124/29108/6372/727/5600/5602/713",47
"hsa05414","Human Diseases","Cardiovascular disease","hsa05414","Dilated cardiomyopathy","61/3810","103/8645",0.00133103899908303,0.00833131817944566,0.00508545114659405,"55799/782/3679/1756/1674/3694/488/6442/153/196883/7134/3675/1837/27092/8515/3479/284217/786/6262/3674/71/775/59285/7168/6547/7169/4842/7042/3680/8082/109/783/70/3690/4607/4000/3696/3908/7040/1605/3691/778/776/4625/3655/7273/6543/93589/2778/3695/7170/784/7124/3672/781/2010/489/4634/114/22801/5566",61
"hsa04068","Environmental Information Processing","Signal transduction","hsa04068","FoxO signaling pathway","75/3810","131/8645",0.00153324698008412,0.00932262384605619,0.00569054585433514,"51701/8471/92579/5571/5293/2885/1901/11337/3479/51422/5601/4303/8660/7048/10733/6648/7874/4193/1647/7046/891/8698/2290/6794/26260/7042/114907/80854/9140/6517/10110/1147/10912/5295/2911/5106/1432/894/5594/2308/5347/3575/5934/6446/1263/7040/595/9456/8743/23710/604/847/1017/3845/664/3569/4089/5290/5105/10365/1454/6789/1956/6774/11345/3265/5605/5600/5896/5602/3643/4893/4616/5604/9133",75
"hsa04380","Organismal Systems","Development and regeneration","hsa04380","Osteoclast differentiation","77/3810","135/8645",0.00154457673189097,0.00932262384605619,0.00569054585433514,"4772/4982/1435/5971/169200/8878/488/5336/4790/5293/2885/2354/5601/4791/7048/3455/3726/2353/1436/5533/7046/2534/3460/7042/11024/1147/3725/5295/4689/8061/9021/5609/3553/3690/1535/140885/3932/1432/5594/4792/653361/9103/6772/7297/7040/5468/2215/9020/814/6688/7132/2274/8792/695/3459/3552/5534/10379/4773/27035/5290/5532/55423/8600/7124/8651/29760/10859/3458/5600/5602/489/2212/2213/5879/5604/3727",77
"hsa05416","Human Diseases","Cardiovascular disease","hsa05416","Viral myocarditis","42/3810","67/8645",0.00159709669241678,0.00947050319362931,0.00578081166599609,"1756/857/836/6442/3383/1837/284217/5881/842/71/2534/958/3115/3112/5880/4842/3111/8082/3119/1982/3135/5551/3127/3108/959/3123/1981/3113/3908/3122/595/3689/1605/4625/3109/3107/3117/940/54205/3133/5879/3134",42
"hsa04015","Environmental Information Processing","Signal transduction","hsa04015","Rap1 signaling pathway","114/3810","210/8645",0.00166136167349951,0.00968172837315234,0.00590974388395471,"2264/2255/1435/999/10411/810/10235/2254/196883/4804/22808/5293/10636/5582/3479/5155/5898/5881/5578/1436/3815/91860/3674/83660/51378/2247/71/2771/2252/80310/4254/5880/1969/2263/5579/1268/51466/1813/5154/109/8822/4803/1942/8817/5295/83593/27040/3082/26281/2324/5330/5584/51196/5335/3690/1432/5594/6494/23236/2903/284/1399/5590/84552/387/55740/7409/801/3684/1499/57121/3689/64411/54518/9863/84612/163688/8631/3397/6714/3845/7094/56034/51735/7423/7410/2357/5290/7010/25865/2778/1956/2261/2773/2246/25780/5332/11069/998/3265/5605/5600/9170/2889/5028/3643/56288/4893/5216/1945/5879/5604/114/6237",114
"hsa04340","Environmental Information Processing","Signal transduction","hsa04340","Hedgehog signaling pathway","36/3810","56/8645",0.00178121429945529,0.0102042446307777,0.00622868871888021,"8405/91653/64750/1453/2735/8643/1954/132884/2932/23291/50846/57758/2736/4036/11127/50937/894/6469/8945/595/408/3549/23432/2737/374654/6608/1454/2619/1455/1456/5727/409/1452/596/57467/5566",36
"hsa04931","Human Diseases","Endocrine and metabolic disease","hsa04931","Insulin resistance","63/3810","108/8645",0.00189587162524259,0.0106800768221999,0.00651913751837804,"6198/6945/376497/5580/1374/92579/5770/10999/5571/5781/57761/4790/5293/51422/5601/8660/10062/2998/2932/6196/10891/32/5579/6517/5295/9021/148327/5501/8473/5106/6195/5581/4792/2308/27330/9586/5590/5465/5837/7132/1375/9945/9882/3569/948/5290/10488/5105/64764/5509/5834/6774/7124/84699/5588/51085/6513/6199/5602/3643/5499/79660/6197",63
"hsa04668","Environmental Information Processing","Signal transduction","hsa04668","TNF signaling pathway","66/3810","114/8645",0.00195122726496099,0.0108117182878167,0.00659949169857385,"6374/1435/5743/836/8772/3976/2920/8809/4790/5293/330/3383/7133/2919/5601/7185/3726/6364/2353/2921/6376/7128/7187/355/3600/153090/1326/83737/1147/3725/5295/9021/148327/5609/3553/1432/5594/4792/9586/3659/6416/192111/9020/7132/8837/1437/3569/5290/10488/8986/64764/7412/1051/7124/84699/6372/182/6352/5600/10059/5602/6401/5604/602/257397/4049",66
"hsa04261","Organismal Systems","Circulatory system","hsa04261","Adrenergic signaling in cardiomyocytes","86/3810","154/8645",0.00201662707616844,0.0109267452531764,0.00666970435883707,"55799/782/3753/10411/810/488/153/196883/6330/7134/27092/478/482/477/5578/786/6262/154/91860/490/2771/775/59285/7168/6547/7169/148/486/491/109/6332/5515/148327/783/5522/70/5501/5330/480/1432/5594/23236/818/11149/9586/5521/186/147/5520/5529/3784/5516/816/801/6331/146/163688/778/146850/776/4625/64091/6543/93589/481/10488/64764/2778/23533/7170/784/2773/84699/5332/11069/6324/781/64208/5600/489/4634/5499/114/815/596/5566",86
"hsa04728","Organismal Systems","Nervous system","hsa04728","Dopaminergic synapse","75/3810","132/8645",0.00203664186671632,0.0109267452531764,0.00666970435883707,"84152/2785/2890/2788/2891/773/810/5582/6570/5601/2893/5578/2353/2932/5533/55970/91860/6531/2771/2892/775/2791/5579/54331/1813/9575/5515/4129/148327/5522/5501/5330/7054/2784/1312/1432/23236/818/2903/9586/5521/5520/5529/5516/1644/3799/816/801/408/163688/776/2793/2931/2790/3800/5532/3760/10488/64764/2778/2783/2773/84699/5332/10681/409/774/3763/1815/5600/59345/5602/5499/815/5566",75
"hsa04713","Organismal Systems","Environmental adaptation","hsa04713","Circadian entrainment","57/3810","97/8645",0.00242407361741384,0.0126360969176054,0.00771309559592233,"2785/2890/5187/55811/6263/2788/2891/8913/810/196883/117/5582/116/2977/2893/5578/2353/6262/55970/91860/2771/2892/775/2791/8912/4842/5579/54331/109/5330/2784/5594/23236/818/2903/816/801/163688/8864/776/2793/9722/2790/3760/2778/2783/5593/2773/5592/5332/10681/3763/59345/4544/114/815/5566",57
"hsa05164","Human Diseases","Infectious disease: viral","hsa05164","Influenza A","94/3810","171/8645",0.00247321554691558,0.0126360969176054,0.00771309559592233,"10241/3838/7416/8480/836/8772/3836/4790/5293/3383/90865/114548/29110/56649/4261/9230/3606/1965/3455/842/5578/3717/5610/8795/71/3460/7187/355/834/5371/103/3115/4940/3112/5579/1021/3111/402569/7514/3119/1147/7177/5295/291/3127/9021/3553/3108/64499/3123/5594/4792/9641/148022/10482/896/7098/56000/2224/317/3113/3122/4938/6772/7297/293/23430/4939/8743/7132/10898/3459/3552/79671/10379/3569/3109/5290/3117/4599/7706/6041/8766/7124/29108/5644/54205/3458/6352/5605/292/5611/5604/91543",94
"hsa04917","Organismal Systems","Endocrine system","hsa04917","Prolactin signaling pathway","43/3810","70/8645",0.00250478844224723,0.0126360969176054,0.00771309559592233,"30837/53358/4790/5293/2885/5601/1447/9655/2353/2932/3717/122809/5295/9021/7054/1432/894/5594/2001/5618/3659/399694/6776/6772/595/8835/3973/6714/8792/3845/5290/2645/6774/8600/8651/25759/3265/5605/5600/5602/4893/1154/5604",43
"hsa04920","Organismal Systems","Endocrine system","hsa04920","Adipocytokine signaling pathway","43/3810","70/8645",0.00250478844224723,0.0126360969176054,0.00771309559592233,"1374/8471/92579/5571/5781/4852/5443/2181/4790/3953/7133/51422/5601/8660/3717/3952/51703/2180/9370/51094/6794/10891/4794/32/6517/1147/9021/2182/79602/5106/4792/5465/7132/23205/1375/948/5105/6774/7124/5588/6513/5602/6256",43
"hsa05226","Human Diseases","Cancer: specific types","hsa05226","Gastric cancer","83/3810","149/8645",0.00263041181349218,0.0129332743203883,0.00789449320085988,"2064/6198/3728/7481/2255/9134/999/5915/53358/11211/83439/6934/1015/2254/5293/1495/2885/51176/8324/7484/6932/8321/5243/7048/2932/1647/80326/7046/2247/2252/8326/7042/324/2263/1869/8822/7157/1855/8817/10912/5295/51384/3082/1643/4040/26281/2549/6469/5594/399694/8323/7473/7040/1499/595/81029/7474/8325/1017/3845/4041/1496/4089/1856/5290/7855/8312/1956/2246/25759/2535/89780/3265/5605/7479/6199/1452/4893/6256/4616/5604/7477/596",83
"hsa05224","Human Diseases","Cancer: specific types","hsa05224","Breast cancer","82/3810","147/8645",0.00264022463936921,0.0129332743203883,0.00789449320085988,"2064/6198/672/7481/8202/2255/53358/11211/83439/6934/2254/5293/2885/51176/3479/28514/8324/7484/6932/8321/4791/675/2353/2932/1647/80326/3815/2247/2252/4855/8326/324/1869/1021/8822/3725/7157/10683/1855/8817/10912/5295/51384/1643/4040/26281/2324/5594/399694/8323/7473/1499/595/81029/7474/8325/3845/4041/5241/4854/3714/1856/5290/7855/8312/1956/2246/8600/8648/25759/182/2535/89780/3265/5605/7479/6199/1452/4893/4616/5604/7477",82
"hsa04930","Human Diseases","Endocrine and metabolic disease","hsa04930","Type II diabetes mellitus","30/3810","46/8645",0.00305538465900317,0.0146454413413045,0.00893960293645496,"5580/8471/8913/773/5293/5601/8660/122809/775/9370/6517/5295/9021/3099/5581/5594/5590/8835/776/5290/3767/2645/7124/8651/777/774/5602/3643/3098/5313",30
"hsa04610","Organismal Systems","Immune system","hsa04610","Complement and coagulation cascades","51/3810","86/8645",0.00307640927583616,0.0146454413413045,0.00893960293645496,"2266/5648/2244/5055/2152/5265/718/623/2159/730/5627/722/715/2243/2/7448/1379/720/966/1380/5270/10878/7450/716/733/2157/7035/729/710/5054/7056/3684/10747/1378/732/3689/11326/1361/5104/624/712/629/81494/3426/3078/1191/1675/3687/727/713/2162",51
"hsa04540","Cellular Processes","Cellular community - eukaryotes","hsa04540","Gap junction","52/3810","88/8645",0.00312900999089399,0.0146889635683634,0.0089661689797547,"113457/153/1453/3356/196883/2885/5582/2977/5155/5578/2771/84790/80310/5579/1813/5154/109/983/10376/112714/2911/347688/84617/5330/5594/23236/5607/79861/203068/10381/6714/7278/3845/56034/2697/2778/1956/10746/5593/2773/5592/7277/347733/5332/3357/3358/3265/5605/4893/5604/114/5566",52
"hsa05321","Human Diseases","Immune disease","hsa05321","Inflammatory bowel disease","40/3810","65/8645",0.00333793827388433,0.0154551114599028,0.00943382698891605,"4772/8809/4790/3606/3460/6778/3115/3112/7042/3111/3119/3725/3127/3553/3108/3594/3595/51561/8807/3123/4094/3113/3122/6772/3561/7040/6095/30009/3459/3552/6775/3569/3566/3109/3117/7100/6774/149233/7124/3458",40
"hsa05031","Human Diseases","Substance dependence","hsa05031","Amphetamine addiction","42/3810","69/8645",0.00356691045665866,0.0162921045182517,0.00994472901145232,"84152/2890/23237/2891/810/5582/2354/6570/2893/5578/2353/5533/91860/6531/2892/775/5579/3725/116444/4129/148327/5501/7054/818/2903/9586/6804/1644/816/801/163688/814/776/5534/5532/10488/64764/2778/84699/5499/815/5566",42
"hsa04216","Cellular Processes","Cell growth and death","hsa04216","Ferroptosis","27/3810","41/8645",0.00398404952603091,0.0179174835109118,0.0109368631832411,"440738/2181/7037/51703/2180/7018/7157/2730/2182/5621/55240/23516/112483/30061/246/94033/643246/6520/2937/1536/81631/84557/7419/5093/2729/8031/64116",27
"hsa03010","Genetic Information Processing","Translation","hsa03010","Ribosome","91/3810","167/8645",0.00402878327464289,0.0179174835109118,0.0109368631832411,"6143/9349/124995/51264/51081/6125/6135/6191/6136/6122/6154/6230/28998/6203/6160/6194/6233/4736/6202/6176/6206/6147/6124/6146/6144/6139/6164/9045/6157/6152/6207/6134/6182/23521/6161/6141/6181/6223/6137/6138/6218/6165/29088/6158/25873/6205/51121/6142/6222/6228/79590/6128/6188/6159/51021/6130/6201/6235/6175/6168/51065/64979/6209/6210/6167/54460/6189/6171/6204/55173/6187/6169/11224/7311/64981/64968/6208/63875/6229/9801/3921/51318/6183/2197/54948/6232/6155/51073/11222/219927/6217",91
"hsa05169","Human Diseases","Infectious disease: viral","hsa05169","Epstein-Barr virus infection","108/3810","202/8645",0.00415106379136607,0.018221552746516,0.0111224675749521,"5709/5717/5718/5705/9134/5971/5707/10213/836/8772/5336/5713/4790/5293/3383/8900/29110/5601/4791/7431/3455/842/7874/4193/1647/2208/1380/5708/7128/5610/958/7187/355/890/3115/864/4940/3112/5706/4794/1869/1021/3111/919/3119/1147/3135/3725/7157/10912/5295/3127/11047/5704/3718/930/5609/1643/3108/916/3123/1432/894/4792/960/9641/896/915/79685/317/3113/6416/3122/3654/4938/6772/9541/7297/595/4939/9020/9861/5710/1017/5714/4067/695/10379/3569/377841/3109/5290/3107/3117/6774/7124/54205/917/29760/3133/4734/5600/6892/5602/4616/5879/3134/596",108
"hsa04666","Organismal Systems","Immune system","hsa04666","Fc gamma R-mediated phagocytosis","56/3810","97/8645",0.00449998522668405,0.0194999359822976,0.0119027949315799,"6198/5321/5580/5338/2934/5336/5293/3635/10163/5582/8681/57180/5578/7454/5880/5579/274/273/5295/27040/55616/8853/5335/10094/50807/5581/5594/8877/3055/1399/653361/7409/4082/10097/1072/8398/2215/23396/1793/4067/5788/7410/283748/5290/5058/8605/1073/3984/56848/998/10096/6199/2212/2213/5879/5604",56
"hsa05223","Human Diseases","Cancer: specific types","hsa05223","Non-small cell lung cancer","43/3810","72/8645",0.0052731305579102,0.0225609889692867,0.0137712670133298,"2064/5915/2272/11186/5336/5293/2885/5582/842/5578/1647/1029/5579/1869/1021/7157/10912/5295/83593/3718/3082/1643/5335/5594/238/6776/3799/595/572/3845/5290/3800/6789/1956/6774/7039/5979/3265/5605/4893/6256/4616/5604",43
"hsa05210","Human Diseases","Cancer: specific types","hsa05210","Colorectal cancer","50/3810","86/8645",0.00583492000901488,0.0246525370380879,0.0150479516021963,"6198/836/83439/6934/5293/2885/51176/5601/6932/5898/7048/5881/842/2353/2932/1647/7046/5880/7042/324/3725/7157/10912/5295/1643/5594/387/7040/1499/595/572/3845/332/4089/5290/8312/1956/54205/7039/27113/3265/5605/1630/6199/5602/4893/4616/5879/5604/596",50
"hsa05146","Human Diseases","Infectious disease: parasitic","hsa05146","Amoebiasis","58/3810","102/8645",0.00608215127586638,0.0253798411264548,0.0154918992861574,"5878/909/913/1288/911/836/910/3914/5747/2920/4790/5293/5582/2919/912/284217/3918/22798/5578/929/1511/2921/7879/3913/7042/5579/5052/5272/733/5295/10319/2769/3553/5330/6318/1285/5868/23236/87/3908/3684/7040/7850/732/3689/5273/5869/1287/1437/3569/2335/5290/2778/7124/5332/3458/5566/3315",58
"hsa05221","Human Diseases","Cancer: specific types","hsa05221","Acute myeloid leukemia","40/3810","67/8645",0.0070558922593741,0.0290840437032737,0.0177529509991954,"5914/6198/3728/83439/6934/4790/5293/2885/51176/8900/6932/7704/5292/929/1436/3815/890/5371/1147/5295/5594/597/6776/3684/595/6688/8864/572/3845/1437/5290/6774/861/3265/5605/1053/6199/2322/4893/5604",40
"hsa04550","Cellular Processes","Cellular community - eukaryotes","hsa04550","Signaling pathways regulating pluripotency of stem cells","78/3810","143/8645",0.00714951857416427,0.0291149069646689,0.0177717899877767,"7703/7481/2264/3626/5462/11211/3976/1749/5293/2885/463/5460/3479/3400/8324/7484/6932/8321/10637/130399/2932/3717/80326/3198/2247/9314/3977/5080/56916/7044/3175/8326/4090/324/2263/6498/1855/5295/51384/3718/3720/1432/5594/4211/8323/5013/7473/1499/81029/7474/8325/84759/3398/91/3397/3845/4089/1856/5290/3624/4086/7855/8312/6657/2261/6774/3231/84333/2535/89780/3265/5605/7479/2103/5600/4893/5604/7477",78
"hsa03050","Genetic Information Processing","Folding, sorting and degradation","hsa03050","Proteasome","29/3810","46/8645",0.00728984716984679,0.02917384714259,0.0178077671751717,"5709/5691/5717/10197/5718/5705/5707/10213/5713/5688/5687/51371/5708/5693/9491/5706/5682/11047/5704/5684/5695/5699/9861/5710/5714/5685/5686/5683/3458",29
"hsa05135","Human Diseases","Infectious disease: bacterial","hsa05135","Yersinia infection","75/3810","137/8645",0.0073366183642608,0.02917384714259,0.0178077671751717,"147179/4772/2185/63916/5747/4790/5293/10163/114548/29110/644150/5601/10458/3606/5881/57180/2353/2932/7454/71/6196/834/5880/1147/3725/4210/5295/7535/27040/9138/5609/3553/5829/9844/5335/10094/3932/6195/1432/5594/4792/926/27330/148022/1399/387/6416/3654/7409/10097/23396/920/1793/6714/4773/3569/2335/7410/5290/4775/925/3984/7124/29108/391/7456/998/5605/5600/10096/5602/2212/5879/5604/6197",75
"hsa03320","Organismal Systems","Endocrine system","hsa03320","PPAR signaling pathway","44/3810","75/8645",0.00752868507436736,0.0292627428024578,0.0178620292409895,"7350/6319/51/376497/1374/10580/3157/10999/10873/2181/1581/729359/5346/10062/364/9415/4023/51703/2180/4199/9370/2167/7316/2172/2182/30/5106/1593/5465/51129/5468/8310/79966/23205/1375/948/3611/5105/4312/1622/6342/116519/5360/6256",44
"hsa04926","Organismal Systems","Endocrine system","hsa04926","Relaxin signaling pathway","71/3810","129/8645",0.00756543581590458,0.0292627428024578,0.0178620292409895,"2785/2788/1288/53358/196883/4790/5293/2885/5601/7048/5578/2353/55970/7046/2771/2791/4842/54331/6019/6013/109/3725/5295/148327/5609/2769/5330/2784/59/1910/1285/1432/5594/4792/23236/9586/399694/5590/6416/7040/408/4322/6714/2793/1287/3845/7423/2790/5290/10488/64764/2778/1956/2783/2773/84699/5332/51289/4312/10681/25759/409/3265/5605/5600/59345/5602/4893/5604/114/5566",71
"hsa05140","Human Diseases","Infectious disease: parasitic","hsa05140","Leishmaniasis","45/3810","77/8645",0.00761870226809553,0.0292627428024578,0.0178620292409895,"1915/718/5743/4790/2353/3717/1379/3460/3115/3112/7042/5579/3111/3119/3725/3127/4689/3553/3108/1535/3123/1432/5594/4792/653361/9103/3113/3122/3654/6772/3684/7040/2215/1378/3689/3459/3552/3109/3117/1536/7124/3458/5600/2212/5777",45
"hsa04670","Organismal Systems","Immune system","hsa04670","Leukocyte transendothelial migration","64/3810","115/8645",0.00788201694304668,0.0295991270178842,0.0180673587527415,"2185/10411/5781/83692/5010/5747/5336/7122/149461/100506658/5293/1495/5582/3383/9071/5578/58494/7294/4636/71/2771/644672/5880/24146/5579/7430/5295/83593/4689/10398/4478/5829/5335/1535/1432/6494/1003/87/5175/3702/653361/9075/387/9076/7409/3684/1499/6387/3689/83700/50848/90952/9074/1496/7410/5290/1536/7412/2773/7852/11069/998/5600/5879",64
"hsa05145","Human Diseases","Infectious disease: parasitic","hsa05145","Toxoplasmosis","62/3810","111/8645",0.00794561154617351,0.0295991270178842,0.0180673587527415,"240/836/3914/3310/4790/330/5601/284217/3918/4261/3312/22798/842/3717/2771/3460/958/3115/3913/3112/7042/598/3111/3119/1147/3127/10319/3108/3949/959/3123/1432/345611/5594/4792/3587/3113/3908/3122/3654/6772/7297/3303/7040/3305/7132/146850/572/3655/3459/3109/3117/23533/6774/2773/7124/8651/54205/3458/5600/5602/596",62
"hsa05144","Human Diseases","Infectious disease: parasitic","hsa05144","Malaria","31/3810","50/8645",0.0079689957355842,0.0295991270178842,0.0180673587527415,"2995/3383/6403/3606/1379/958/7042/7059/6382/3043/3082/3553/54106/959/3820/5175/22914/7040/1378/3689/7060/1440/3569/948/7412/4035/7124/3458/6401/975/3040",31
"hsa04218","Cellular Processes","Cell growth and death","hsa04218","Cellular senescence","84/3810","156/8645",0.00839357161212085,0.0308372522271396,0.0188231125397676,"4772/132660/9134/7416/678/8878/810/4790/22808/5293/8900/5481/5933/7048/4193/1647/23291/5533/5810/91860/7046/1029/891/890/677/7042/1869/1021/983/3135/7157/10912/5295/291/83593/59341/2113/4683/1875/5501/1432/894/5594/2308/10111/896/8945/5934/3486/5054/801/7040/293/595/163688/776/1017/3845/4605/3552/28996/5534/4773/3569/3805/5290/3107/4775/5532/91750/7419/3265/3133/5605/5600/5499/4893/292/4616/5604/3134/6237/286826/9133",84
"hsa05216","Human Diseases","Cancer: specific types","hsa05216","Thyroid cancer","24/3810","37/8645",0.00861813126563844,0.0313218104062989,0.0191188876973982,"999/83439/6934/51176/6932/1647/7157/10912/1643/5594/5468/1499/595/3845/7170/5979/3265/8030/5605/4893/6256/4616/5604/8031",24
"hsa04650","Organismal Systems","Immune system","hsa04650","Natural killer cell mediated cytotoxicity","72/3810","132/8645",0.00950271796809909,0.0341693475874201,0.0208570293588737,"4772/2185/53358/836/5781/5336/5293/2885/5582/3383/3455/5881/5578/7462/5533/8795/2534/3460/259197/355/10870/51744/5880/5579/3384/919/3135/5295/7535/5551/27040/962/117157/5335/3932/5594/6452/399694/3811/22914/7409/2215/3689/8743/3845/1437/3812/3459/5534/4773/7410/4277/5290/3107/5058/5532/4068/3809/7124/9437/25759/3002/3265/3458/3133/5605/353091/4893/5777/5879/5604/80328",72
"hsa04022","Environmental Information Processing","Signal transduction","hsa04022","cGMP-PKG signaling pathway","89/3810","167/8645",0.00972304531119914,0.0345935717387927,0.0211159765207206,"4772/10672/3779/6722/7416/8471/810/4881/488/153/196883/340156/4638/478/482/2977/8660/477/5138/152/5533/154/151/91860/490/2771/775/6547/4208/148/486/491/109/150/5997/291/4882/148327/10398/9569/155/5501/5330/480/1910/5581/5594/23236/9586/147/387/801/293/91807/146/163688/778/146850/776/4625/572/624/5534/4773/6543/4209/481/4775/100271849/5532/10488/64764/23533/5593/2773/5592/84699/5332/4878/7419/5605/5139/3643/489/5499/292/3764/5604/114",89
"hsa04935","Organismal Systems","Endocrine system","hsa04935","Growth hormone synthesis, secretion and action","66/3810","120/8645",0.00998604070404199,0.0351591849788145,0.0214612278288622,"55811/6751/8471/53358/5747/2691/5336/196883/5293/2885/5582/3479/5601/8660/3726/5578/2353/2932/3717/51738/2771/775/5579/3483/109/5295/9021/148327/5330/5335/1432/5594/23236/9586/399694/1399/6776/6416/3486/6772/8835/778/776/3845/6753/6752/5290/10488/64764/2778/6774/2773/84699/5332/4214/8651/25759/3265/5605/5600/5602/4893/6750/5604/114/5566",66
"hsa04721","Organismal Systems","Nervous system","hsa04721","Synaptic vesicle cycle","45/3810","78/8645",0.0104251606907837,0.0360993219420343,0.0220350890708151,"1213/4905/163/528/535/112755/51606/773/6844/6570/529/6809/6531/8218/339302/22999/23025/50617/6539/6512/6530/245972/6804/6505/1212/523/5864/9550/6536/6529/533/9114/160/525/6511/57030/23545/594855/774/10815/1173/534/6540/526/6532",45
"hsa01523","Human Diseases","Drug resistance: antineoplastic","hsa01523","Antifolate resistance","20/3810","30/8645",0.0104666673086372,0.0360993219420343,0.0220350890708151,"1244/8714/10057/4790/113235/1719/4524/2356/6573/8836/2350/1147/9429/3553/471/10257/4363/3569/2348/7124",20
"hsa04915","Organismal Systems","Endocrine system","hsa04915","Estrogen signaling pathway","74/3810","137/8645",0.0116651662302356,0.0398265271294913,0.0243101816175033,"5914/3861/8202/5580/3858/53358/3320/54474/9166/3859/192666/810/3880/3310/3326/196883/5443/3872/8688/5293/2885/3868/3883/3312/2353/91860/2771/1839/9568/109/3725/3875/5295/2911/2288/148327/5330/10499/5594/23236/9586/399694/801/3303/3881/3305/163688/6714/3845/5241/5290/3760/10488/64764/2778/1956/2773/8648/84699/5332/25759/7039/8689/3265/5605/3886/3763/125115/2550/4893/5604/114/596/5566",74
"hsa04630","Environmental Information Processing","Signal transduction","hsa04630","JAK-STAT signaling pathway","88/3810","166/8645",0.0120347551891603,0.0406774725393618,0.0248296001797413,"30837/85480/1438/5781/3976/1439/5293/2885/3953/3563/9466/2056/5292/116379/5155/3455/9655/3717/29949/2273/122809/3952/3977/3460/6778/4352/3590/3600/598/5154/3597/3601/53833/5295/8027/3560/9021/3718/338376/2670/3594/3595/3568/51561/894/5618/3587/896/5771/3575/6776/3570/3589/6772/7297/3561/595/8835/316/50604/1437/3459/1440/10379/6775/1270/3569/10254/3566/5290/246778/1489/9063/1956/6774/149233/58985/8651/11009/3265/3598/3458/23529/9180/5777/1154/596/4170",88
"hsa04919","Organismal Systems","Endocrine system","hsa04919","Thyroid hormone signaling pathway","66/3810","121/8645",0.0126546644161898,0.042349272996754,0.0258500700945618,"5469/9862/7067/9969/6567/8202/488/5336/5293/2648/5582/478/482/477/842/5578/4193/2932/71/4855/5579/486/9282/7157/5295/5330/10499/51196/5335/480/3690/5594/23236/2308/53919/6772/1499/595/1827/4625/6714/572/3091/3845/9882/4854/5333/5290/481/113026/8648/5332/5208/6513/1734/3265/90390/5605/84812/489/4893/10231/6256/10025/5604/5566",66
"hsa04810","Cellular Processes","Cell motility","hsa04810","Regulation of actin cytoskeleton","118/3810","229/8645",0.0129020245505894,0.0425773115936805,0.0259892652518262,"8396/28964/85464/2264/3679/10672/79837/3694/2255/89846/623/730/2934/5063/4629/5747/2254/22808/5293/10163/3675/340156/4638/8515/10458/5155/5881/57180/4636/55970/1131/3674/2247/4660/71/2252/80310/5880/324/3680/2263/5154/50649/8822/81624/10298/7430/8817/733/5295/9138/54776/10398/4478/5501/26281/5829/729/3690/10094/5594/128239/3696/87/1399/387/55740/7409/10097/1072/3684/6387/91807/5062/57121/23396/732/3689/3645/1793/3691/6714/3655/3845/56034/624/2335/7410/5290/5058/10152/10787/1956/3695/2261/2246/7852/1073/3984/3071/3687/998/727/3672/3265/5605/1729/10096/9170/221178/9459/5499/4893/5216/5879/5604/22801/6237",118
"hsa04726","Organismal Systems","Nervous system","hsa04726","Serotonergic synapse","63/3810","115/8645",0.0129936215886967,0.0425773115936805,0.0259892652518262,"7166/2785/5321/2788/240/5743/836/773/10411/3355/3356/3363/1573/5582/6570/8681/260293/5578/55970/2771/1559/775/5742/2791/1558/5579/54331/4129/5330/2784/2562/5594/23236/1644/3751/247/246/778/1843/3781/776/2793/3845/2790/283748/3760/2778/2783/2773/8605/5332/3357/10681/3362/3358/3265/774/3763/59345/4893/6532/5604/5566",63
"hsa04725","Organismal Systems","Nervous system","hsa04725","Cholinergic synapse","62/3810","113/8645",0.013100711259594,0.0425773115936805,0.0259892652518262,"2785/2788/56479/3768/773/196883/5293/5582/5578/2353/3717/55970/1131/2771/2534/775/2791/5579/54331/109/5295/9132/148327/5330/2784/5594/23236/818/9586/3759/3786/3784/816/3761/814/778/146850/776/2793/3845/1143/2790/5290/3760/10488/64764/23533/2783/2773/84699/5332/10681/3265/774/3763/59345/4893/5604/114/815/596/5566",62
"hsa05340","Human Diseases","Immune disease","hsa05340","Primary immunodeficiency","24/3810","38/8645",0.013725234369176,0.0441821830169666,0.0269688815675038,"4261/23495/115650/958/7535/3718/930/916/959/3932/926/915/3575/973/3561/920/7374/695/84876/5788/925/8625/29760/5896",24
"hsa05214","Human Diseases","Cancer: specific types","hsa05214","Glioma","43/3810","75/8645",0.0139588603550285,0.044375593346948,0.027086939570233,"8536/53358/810/5336/5293/2885/5582/3479/5155/5578/4193/1647/91860/1029/5579/1869/1021/5154/7157/10912/5295/1643/5335/5594/818/57172/399694/816/801/595/163688/814/3845/5290/1956/25759/7039/3265/5605/4893/4616/5604/815",43
"hsa04012","Environmental Information Processing","Signal transduction","hsa04012","ErbB signaling pathway","48/3810","85/8645",0.0140478949352764,0.044375593346948,0.027086939570233,"2064/6198/53358/5063/5747/5336/5293/2885/5582/9542/5601/10718/5578/2932/1839/5579/3725/3084/10298/5295/5609/5335/2549/5594/818/399694/1399/8440/6776/6416/816/5062/867/6714/572/3845/5290/5058/1956/25759/7039/3265/5605/6199/5602/4893/5604/815",48
"hsa05332","Human Diseases","Immune disease","hsa05332","Graft-versus-host disease","26/3810","42/8645",0.0149675144593607,0.0468427767339253,0.028592912612424,"355/3115/3112/3111/3119/3135/5551/3127/3553/3108/3123/3811/3113/3122/3812/3552/3569/3109/3107/3117/940/7124/3002/3458/3133/3134",26
"hsa05132","Human Diseases","Infectious disease: bacterial","hsa05132","Salmonella infection","127/3810","249/8645",0.0152068581527678,0.0471552115195919,0.0287836233504828,"5878/140735/63916/65082/3320/836/113457/83439/5063/8772/6934/10392/3836/3326/4790/5293/330/114548/51176/5601/55770/23207/6932/3606/27072/5898/57180/929/2353/7879/57381/4636/1783/8795/84516/71/10640/84790/55860/834/257364/2318/23265/89953/1147/55207/29109/3725/79659/10376/112714/64746/5609/10398/347688/3553/84617/27128/54106/9844/10094/1432/5594/4792/10120/5868/7295/3839/5420/6188/51209/387/79861/6416/203068/3654/3799/10097/1499/1778/83547/8743/10381/5869/7132/1639/5288/7278/1434/83658/5788/3569/1780/10121/2316/26263/5290/3800/5058/3840/5287/10787/112574/7100/7277/347733/7124/29108/391/6500/54205/375/3071/998/8677/3265/9842/5605/5600/10096/5602/5216/5879/5604/257397/596/6237",127
"hsa04962","Organismal Systems","Excretory system","hsa04962","Vasopressin-regulated water reabsorption","27/3810","44/8645",0.0155011804315502,0.0476308998714906,0.0290739843500846,"4905/5878/140735/554/6844/396/361/9230/1783/84516/109/79659/148327/5868/9586/1778/397/5869/1639/1780/10488/64764/2778/8766/84699/6810/5566",27
"hsa04934","Human Diseases","Endocrine and metabolic disease","hsa04934","Cushing syndrome","82/3810","155/8645",0.0159376266804171,0.0485307911529819,0.0296232795577217,"7481/9134/8913/5087/11211/83439/1394/6770/6934/196883/5443/51176/8324/7484/6932/8321/2932/80326/1029/2771/775/8912/8326/79798/324/1869/1021/3164/109/1855/51384/148327/2516/5330/3949/57552/1583/5594/23236/818/196/9586/54554/56246/8323/816/1395/3777/7473/1499/595/81029/7474/8325/1589/5929/778/776/1017/84876/1856/10488/64764/7855/8312/2778/50940/1956/3739/2773/84699/5332/1031/2535/89780/5605/7479/5604/114/815/7477/5566",82
